Fecha;Año;Año;Último
10.12.2023;10/12/23;10/12/23;76,09
03.12.2023;3/12/23;3/12/23;75,84
26.11.2023;26/11/23;26/11/23;78,88
19.11.2023;19/11/23;19/11/23;80,58
12.11.2023;12/11/23;12/11/23;80,61
05.11.2023;5/11/23;5/11/23;81,43
29.10.2023;29/10/23;29/10/23;84,89
22.10.2023;22/10/23;22/10/23;90,48
15.10.2023;15/10/23;15/10/23;92,16
08.10.2023;8/10/23;8/10/23;90,89
01.10.2023;1/10/23;1/10/23;84,58
24.09.2023;24/09/23;24/09/23;95,31
17.09.2023;17/09/23;17/09/23;93,27
10.09.2023;10/09/23;10/09/23;93,93
03.09.2023;3/09/23;3/09/23;90,65
27.08.2023;27/08/23;27/08/23;88,55
20.08.2023;20/08/23;20/08/23;84,48
13.08.2023;13/08/23;13/08/23;84,8
06.08.2023;6/08/23;6/08/23;86,81
30.07.2023;30/07/23;30/07/23;86,24
23.07.2023;23/07/23;23/07/23;84,99
16.07.2023;16/07/23;16/07/23;81,07
09.07.2023;9/07/23;9/07/23;79,87
02.07.2023;2/07/23;2/07/23;78,47
25.06.2023;25/06/23;25/06/23;74,9
18.06.2023;18/06/23;18/06/23;73,85
11.06.2023;11/06/23;11/06/23;76,61
04.06.2023;4/06/23;4/06/23;74,79
28.05.2023;28/05/23;28/05/23;76,13
21.05.2023;21/05/23;21/05/23;76,95
14.05.2023;14/05/23;14/05/23;75,58
07.05.2023;7/05/23;7/05/23;74,17
30.04.2023;30/04/23;30/04/23;75,3
23.04.2023;23/04/23;23/04/23;79,54
16.04.2023;16/04/23;16/04/23;81,66
09.04.2023;9/04/23;9/04/23;85,87
02.04.2023;2/04/23;2/04/23;85,12
26.03.2023;26/03/23;26/03/23;79,89
19.03.2023;19/03/23;19/03/23;74,99
12.03.2023;12/03/23;12/03/23;72,97
05.03.2023;5/03/23;5/03/23;82,78
26.02.2023;26/02/23;26/02/23;85,83
19.02.2023;19/02/23;19/02/23;83,16
12.02.2023;12/02/23;12/02/23;83
05.02.2023;5/02/23;5/02/23;86,39
29.01.2023;29/01/23;29/01/23;79,94
22.01.2023;22/01/23;22/01/23;86,66
15.01.2023;15/01/23;15/01/23;87,63
08.01.2023;8/01/23;8/01/23;85,28
01.01.2023;1/01/23;1/01/23;78,75
25.12.2022;25/12/22;25/12/22;85,91
18.12.2022;18/12/22;18/12/22;83,92
11.12.2022;11/12/22;11/12/22;79,04
04.12.2022;4/12/22;4/12/22;76,1
27.11.2022;27/11/22;27/11/22;85,57
20.11.2022;20/11/22;20/11/22;83,63
13.11.2022;13/11/22;13/11/22;87,62
06.11.2022;6/11/22;6/11/22;95,99
30.10.2022;30/10/22;30/10/22;98,57
23.10.2022;23/10/22;23/10/22;95,77
16.10.2022;16/10/22;16/10/22;93,5
09.10.2022;9/10/22;9/10/22;91,63
02.10.2022;2/10/22;2/10/22;97,92
25.09.2022;25/09/22;25/09/22;87,96
18.09.2022;18/09/22;18/09/22;86,15
11.09.2022;11/09/22;11/09/22;91,35
04.09.2022;4/09/22;4/09/22;92,84
28.08.2022;28/08/22;28/08/22;93,02
21.08.2022;21/08/22;21/08/22;100,99
14.08.2022;14/08/22;14/08/22;96,72
07.08.2022;7/08/22;7/08/22;98,15
31.07.2022;31/07/22;31/07/22;94,92
24.07.2022;24/07/22;24/07/22;110,01
17.07.2022;17/07/22;17/07/22;103,2
10.07.2022;10/07/22;10/07/22;101,16
03.07.2022;3/07/22;3/07/22;107,02
26.06.2022;26/06/22;26/06/22;111,63
19.06.2022;19/06/22;19/06/22;113,12
12.06.2022;12/06/22;12/06/22;113,12
05.06.2022;5/06/22;5/06/22;122,01
29.05.2022;29/05/22;29/05/22;119,72
22.05.2022;22/05/22;22/05/22;119,43
15.05.2022;15/05/22;15/05/22;112,55
08.05.2022;8/05/22;8/05/22;111,55
01.05.2022;1/05/22;1/05/22;112,39
24.04.2022;24/04/22;24/04/22;109,34
17.04.2022;17/04/22;17/04/22;106,65
10.04.2022;10/04/22;10/04/22;111,7
03.04.2022;3/04/22;3/04/22;102,78
27.03.2022;27/03/22;27/03/22;104,39
20.03.2022;20/03/22;20/03/22;120,65
13.03.2022;13/03/22;13/03/22;107,93
06.03.2022;6/03/22;6/03/22;112,67
27.02.2022;27/02/22;27/02/22;118,11
20.02.2022;20/02/22;20/02/22;97,93
13.02.2022;13/02/22;13/02/22;93,54
06.02.2022;6/02/22;6/02/22;94,44
30.01.2022;30/01/22;30/01/22;93,27
23.01.2022;23/01/22;23/01/22;90,03
16.01.2022;16/01/22;16/01/22;87,89
09.01.2022;9/01/22;9/01/22;86,06
02.01.2022;2/01/22;2/01/22;81,75
26.12.2021;26/12/21;26/12/21;77,78
19.12.2021;19/12/21;19/12/21;76,14
12.12.2021;12/12/21;12/12/21;73,52
05.12.2021;5/12/21;5/12/21;75,15
28.11.2021;28/11/21;28/11/21;69,88
21.11.2021;21/11/21;21/11/21;72,72
14.11.2021;14/11/21;14/11/21;78,89
07.11.2021;7/11/21;7/11/21;82,17
31.10.2021;31/10/21;31/10/21;82,74
24.10.2021;24/10/21;24/10/21;84,38
17.10.2021;17/10/21;17/10/21;85,53
10.10.2021;10/10/21;10/10/21;84,86
03.10.2021;3/10/21;3/10/21;82,39
26.09.2021;26/09/21;26/09/21;79,28
19.09.2021;19/09/21;19/09/21;78,09
12.09.2021;12/09/21;12/09/21;75,34
05.09.2021;5/09/21;5/09/21;72,92
29.08.2021;29/08/21;29/08/21;72,61
22.08.2021;22/08/21;22/08/21;72,7
15.08.2021;15/08/21;15/08/21;65,18
08.08.2021;8/08/21;8/08/21;70,59
01.08.2021;1/08/21;1/08/21;70,7
25.07.2021;25/07/21;25/07/21;76,33
18.07.2021;18/07/21;18/07/21;74,1
11.07.2021;11/07/21;11/07/21;73,59
04.07.2021;4/07/21;4/07/21;75,55
27.06.2021;27/06/21;27/06/21;76,17
20.06.2021;20/06/21;20/06/21;76,18
13.06.2021;13/06/21;13/06/21;73,51
06.06.2021;6/06/21;6/06/21;72,69
30.05.2021;30/05/21;30/05/21;71,89
23.05.2021;23/05/21;23/05/21;69,63
16.05.2021;16/05/21;16/05/21;66,44
09.05.2021;9/05/21;9/05/21;68,71
02.05.2021;2/05/21;2/05/21;68,28
25.04.2021;25/04/21;25/04/21;67,25
18.04.2021;18/04/21;18/04/21;66,11
11.04.2021;11/04/21;11/04/21;66,77
04.04.2021;4/04/21;4/04/21;62,95
28.03.2021;28/03/21;28/03/21;64,86
21.03.2021;21/03/21;21/03/21;64,57
14.03.2021;14/03/21;14/03/21;64,53
07.03.2021;7/03/21;7/03/21;69,22
28.02.2021;28/02/21;28/02/21;69,36
21.02.2021;21/02/21;21/02/21;66,13
14.02.2021;14/02/21;14/02/21;62,91
07.02.2021;7/02/21;7/02/21;62,43
31.01.2021;31/01/21;31/01/21;59,34
24.01.2021;24/01/21;24/01/21;55,88
17.01.2021;17/01/21;17/01/21;55,41
10.01.2021;10/01/21;10/01/21;55,1
03.01.2021;3/01/21;3/01/21;55,99
27.12.2020;27/12/20;27/12/20;51,8
20.12.2020;20/12/20;20/12/20;51,29
13.12.2020;13/12/20;13/12/20;52,26
06.12.2020;6/12/20;6/12/20;49,97
29.11.2020;29/11/20;29/11/20;49,25
22.11.2020;22/11/20;22/11/20;48,18
15.11.2020;15/11/20;15/11/20;44,96
08.11.2020;8/11/20;8/11/20;42,78
01.11.2020;1/11/20;1/11/20;39,45
25.10.2020;25/10/20;25/10/20;37,46
18.10.2020;18/10/20;18/10/20;41,77
11.10.2020;11/10/20;11/10/20;42,93
04.10.2020;4/10/20;4/10/20;42,85
27.09.2020;27/09/20;27/09/20;39,27
20.09.2020;20/09/20;20/09/20;41,92
13.09.2020;13/09/20;13/09/20;43,15
06.09.2020;6/09/20;6/09/20;39,83
30.08.2020;30/08/20;30/08/20;42,66
23.08.2020;23/08/20;23/08/20;45,05
16.08.2020;16/08/20;16/08/20;44,35
09.08.2020;9/08/20;9/08/20;44,8
02.08.2020;2/08/20;2/08/20;44,4
26.07.2020;26/07/20;26/07/20;43,3
19.07.2020;19/07/20;19/07/20;43,34
12.07.2020;12/07/20;12/07/20;43,14
05.07.2020;5/07/20;5/07/20;43,24
28.06.2020;28/06/20;28/06/20;42,8
21.06.2020;21/06/20;21/06/20;41,02
14.06.2020;14/06/20;14/06/20;42,19
07.06.2020;7/06/20;7/06/20;38,73
31.05.2020;31/05/20;31/05/20;42,3
24.05.2020;24/05/20;24/05/20;35,33
17.05.2020;17/05/20;17/05/20;35,13
10.05.2020;10/05/20;10/05/20;32,5
03.05.2020;3/05/20;3/05/20;30,97
26.04.2020;26/04/20;26/04/20;26,44
19.04.2020;19/04/20;19/04/20;21,44
12.04.2020;12/04/20;12/04/20;28,08
05.04.2020;5/04/20;5/04/20;31,48
29.03.2020;29/03/20;29/03/20;34,11
22.03.2020;22/03/20;22/03/20;24,93
15.03.2020;15/03/20;15/03/20;26,98
08.03.2020;8/03/20;8/03/20;33,85
01.03.2020;1/03/20;1/03/20;45,27
23.02.2020;23/02/20;23/02/20;50,52
16.02.2020;16/02/20;16/02/20;58,5
09.02.2020;9/02/20;9/02/20;57,32
02.02.2020;2/02/20;2/02/20;54,47
26.01.2020;26/01/20;26/01/20;58,16
19.01.2020;19/01/20;19/01/20;60,69
12.01.2020;12/01/20;12/01/20;64,85
05.01.2020;5/01/20;5/01/20;64,98
29.12.2019;29/12/19;29/12/19;68,6
22.12.2019;22/12/19;22/12/19;68,16
15.12.2019;15/12/19;15/12/19;66,14
08.12.2019;8/12/19;8/12/19;65,22
01.12.2019;1/12/19;1/12/19;64,39
24.11.2019;24/11/19;24/11/19;62,43
17.11.2019;17/11/19;17/11/19;63,39
10.11.2019;10/11/19;10/11/19;63,3
03.11.2019;3/11/19;3/11/19;62,51
27.10.2019;27/10/19;27/10/19;61,69
20.10.2019;20/10/19;20/10/19;62,02
13.10.2019;13/10/19;13/10/19;59,42
06.10.2019;6/10/19;6/10/19;60,51
29.09.2019;29/09/19;29/09/19;58,37
22.09.2019;22/09/19;22/09/19;61,91
15.09.2019;15/09/19;15/09/19;64,28
08.09.2019;8/09/19;8/09/19;60,22
01.09.2019;1/09/19;1/09/19;61,54
25.08.2019;25/08/19;25/08/19;60,43
18.08.2019;18/08/19;18/08/19;59,34
11.08.2019;11/08/19;11/08/19;58,64
04.08.2019;4/08/19;4/08/19;58,53
28.07.2019;28/07/19;28/07/19;61,89
21.07.2019;21/07/19;21/07/19;63,46
14.07.2019;14/07/19;14/07/19;62,47
07.07.2019;7/07/19;7/07/19;66,72
30.06.2019;30/06/19;30/06/19;64,23
23.06.2019;23/06/19;23/06/19;66,55
16.06.2019;16/06/19;16/06/19;65,2
09.06.2019;9/06/19;9/06/19;62,01
02.06.2019;2/06/19;2/06/19;63,29
26.05.2019;26/05/19;26/05/19;64,49
19.05.2019;19/05/19;19/05/19;68,69
12.05.2019;12/05/19;12/05/19;72,21
05.05.2019;5/05/19;5/05/19;70,62
28.04.2019;28/04/19;28/04/19;70,85
21.04.2019;21/04/19;21/04/19;72,15
14.04.2019;14/04/19;14/04/19;71,97
07.04.2019;7/04/19;7/04/19;71,55
31.03.2019;31/03/19;31/03/19;70,34
24.03.2019;24/03/19;24/03/19;68,39
17.03.2019;17/03/19;17/03/19;67,03
10.03.2019;10/03/19;10/03/19;67,16
03.03.2019;3/03/19;3/03/19;65,74
24.02.2019;24/02/19;24/02/19;65,07
17.02.2019;17/02/19;17/02/19;67,12
10.02.2019;10/02/19;10/02/19;66,25
03.02.2019;3/02/19;3/02/19;62,1
27.01.2019;27/01/19;27/01/19;62,75
20.01.2019;20/01/19;20/01/19;61,64
13.01.2019;13/01/19;13/01/19;62,7
06.01.2019;6/01/19;6/01/19;60,48
30.12.2018;30/12/18;30/12/18;57,06
23.12.2018;23/12/18;23/12/18;52,2
16.12.2018;16/12/18;16/12/18;53,82
09.12.2018;9/12/18;9/12/18;60,28
02.12.2018;2/12/18;2/12/18;61,67
25.11.2018;25/11/18;25/11/18;58,71
18.11.2018;18/11/18;18/11/18;58,8
11.11.2018;11/11/18;11/11/18;66,76
04.11.2018;4/11/18;4/11/18;70,18
28.10.2018;28/10/18;28/10/18;72,83
21.10.2018;21/10/18;21/10/18;77,62
14.10.2018;14/10/18;14/10/18;79,78
07.10.2018;7/10/18;7/10/18;80,43
30.09.2018;30/09/18;30/09/18;84,16
23.09.2018;23/09/18;23/09/18;82,72
16.09.2018;16/09/18;16/09/18;78,8
09.09.2018;9/09/18;9/09/18;78,09
02.09.2018;2/09/18;2/09/18;76,83
26.08.2018;26/08/18;26/08/18;77,42
19.08.2018;19/08/18;19/08/18;75,82
12.08.2018;12/08/18;12/08/18;71,83
05.08.2018;5/08/18;5/08/18;72,81
29.07.2018;29/07/18;29/07/18;73,21
22.07.2018;22/07/18;22/07/18;74,29
15.07.2018;15/07/18;15/07/18;73,07
08.07.2018;8/07/18;8/07/18;75,33
01.07.2018;1/07/18;1/07/18;77,11
24.06.2018;24/06/18;24/06/18;79,44
17.06.2018;17/06/18;17/06/18;75,55
10.06.2018;10/06/18;10/06/18;73,44
03.06.2018;3/06/18;3/06/18;76,46
27.05.2018;27/05/18;27/05/18;76,79
20.05.2018;20/05/18;20/05/18;76,44
13.05.2018;13/05/18;13/05/18;78,51
06.05.2018;6/05/18;6/05/18;77,12
29.04.2018;29/04/18;29/04/18;74,87
22.04.2018;22/04/18;22/04/18;74,64
15.04.2018;15/04/18;15/04/18;74,06
08.04.2018;8/04/18;8/04/18;72,58
01.04.2018;1/04/18;1/04/18;67,11
25.03.2018;25/03/18;25/03/18;70,27
18.03.2018;18/03/18;18/03/18;70,45
11.03.2018;11/03/18;11/03/18;66,21
04.03.2018;4/03/18;4/03/18;65,49
25.02.2018;25/02/18;25/02/18;64,37
18.02.2018;18/02/18;18/02/18;67,31
11.02.2018;11/02/18;11/02/18;64,84
04.02.2018;4/02/18;4/02/18;62,79
28.01.2018;28/01/18;28/01/18;68,58
21.01.2018;21/01/18;21/01/18;70,52
14.01.2018;14/01/18;14/01/18;68,61
07.01.2018;7/01/18;7/01/18;69,87
31.12.2017;31/12/17;31/12/17;67,62
24.12.2017;24/12/17;24/12/17;66,87
17.12.2017;17/12/17;17/12/17;65,25
10.12.2017;10/12/17;10/12/17;63,23
03.12.2017;3/12/17;3/12/17;63,4
26.11.2017;26/11/17;26/11/17;63,73
19.11.2017;19/11/17;19/11/17;63,86
12.11.2017;12/11/17;12/11/17;62,72
05.11.2017;5/11/17;5/11/17;63,52
29.10.2017;29/10/17;29/10/17;62,07
22.10.2017;22/10/17;22/10/17;60,44
15.10.2017;15/10/17;15/10/17;57,75
08.10.2017;8/10/17;8/10/17;57,17
01.10.2017;1/10/17;1/10/17;55,62
24.09.2017;24/09/17;24/09/17;57,54
17.09.2017;17/09/17;17/09/17;56,86
10.09.2017;10/09/17;10/09/17;55,62
03.09.2017;3/09/17;3/09/17;53,78
27.08.2017;27/08/17;27/08/17;52,75
20.08.2017;20/08/17;20/08/17;52,41
13.08.2017;13/08/17;13/08/17;52,72
06.08.2017;6/08/17;6/08/17;52,1
30.07.2017;30/07/17;30/07/17;52,42
23.07.2017;23/07/17;23/07/17;52,52
16.07.2017;16/07/17;16/07/17;48,06
09.07.2017;9/07/17;9/07/17;48,91
02.07.2017;2/07/17;2/07/17;46,71
25.06.2017;25/06/17;25/06/17;47,92
18.06.2017;18/06/17;18/06/17;45,54
11.06.2017;11/06/17;11/06/17;47,37
04.06.2017;4/06/17;4/06/17;48,15
28.05.2017;28/05/17;28/05/17;49,95
21.05.2017;21/05/17;21/05/17;52,15
14.05.2017;14/05/17;14/05/17;53,61
07.05.2017;7/05/17;7/05/17;50,84
30.04.2017;30/04/17;30/04/17;49,1
23.04.2017;23/04/17;23/04/17;51,73
16.04.2017;16/04/17;16/04/17;51,96
09.04.2017;9/04/17;9/04/17;55,89
02.04.2017;2/04/17;2/04/17;55,24
26.03.2017;26/03/17;26/03/17;52,83
19.03.2017;19/03/17;19/03/17;50,8
12.03.2017;12/03/17;12/03/17;51,76
05.03.2017;5/03/17;5/03/17;51,37
26.02.2017;26/02/17;26/02/17;55,9
19.02.2017;19/02/17;19/02/17;55,99
12.02.2017;12/02/17;12/02/17;55,81
05.02.2017;5/02/17;5/02/17;56,7
29.01.2017;29/01/17;29/01/17;56,81
22.01.2017;22/01/17;22/01/17;55,52
15.01.2017;15/01/17;15/01/17;55,49
08.01.2017;8/01/17;8/01/17;55,45
01.01.2017;1/01/17;1/01/17;57,1
25.12.2016;25/12/16;25/12/16;56,82
18.12.2016;18/12/16;18/12/16;55,16
11.12.2016;11/12/16;11/12/16;55,21
04.12.2016;4/12/16;4/12/16;54,33
27.11.2016;27/11/16;27/11/16;54,46
20.11.2016;20/11/16;20/11/16;47,24
13.11.2016;13/11/16;13/11/16;46,86
06.11.2016;6/11/16;6/11/16;44,75
30.10.2016;30/10/16;30/10/16;45,58
23.10.2016;23/10/16;23/10/16;49,71
16.10.2016;16/10/16;16/10/16;51,78
09.10.2016;9/10/16;9/10/16;51,95
02.10.2016;2/10/16;2/10/16;51,93
25.09.2016;25/09/16;25/09/16;49,06
18.09.2016;18/09/16;18/09/16;45,89
11.09.2016;11/09/16;11/09/16;45,77
04.09.2016;4/09/16;4/09/16;48,01
28.08.2016;28/08/16;28/08/16;46,83
21.08.2016;21/08/16;21/08/16;49,92
14.08.2016;14/08/16;14/08/16;50,88
07.08.2016;7/08/16;7/08/16;46,97
31.07.2016;31/07/16;31/07/16;44,27
24.07.2016;24/07/16;24/07/16;42,46
17.07.2016;17/07/16;17/07/16;45,69
10.07.2016;10/07/16;10/07/16;47,61
03.07.2016;3/07/16;3/07/16;46,76
26.06.2016;26/06/16;26/06/16;50,35
19.06.2016;19/06/16;19/06/16;48,41
12.06.2016;12/06/16;12/06/16;49,17
05.06.2016;5/06/16;5/06/16;50,54
29.05.2016;29/05/16;29/05/16;49,64
22.05.2016;22/05/16;22/05/16;49,32
15.05.2016;15/05/16;15/05/16;48,72
08.05.2016;8/05/16;8/05/16;47,83
01.05.2016;1/05/16;1/05/16;45,37
24.04.2016;24/04/16;24/04/16;48,13
17.04.2016;17/04/16;17/04/16;45,11
10.04.2016;10/04/16;10/04/16;43,1
03.04.2016;3/04/16;3/04/16;41,94
27.03.2016;27/03/16;27/03/16;38,67
20.03.2016;20/03/16;20/03/16;40,44
13.03.2016;13/03/16;13/03/16;41,2
06.03.2016;6/03/16;6/03/16;40,39
28.02.2016;28/02/16;28/02/16;38,72
21.02.2016;21/02/16;21/02/16;35,1
14.02.2016;14/02/16;14/02/16;33,01
07.02.2016;7/02/16;7/02/16;33,36
31.01.2016;31/01/16;31/01/16;34,06
24.01.2016;24/01/16;24/01/16;34,74
17.01.2016;17/01/16;17/01/16;32,18
10.01.2016;10/01/16;10/01/16;28,94
03.01.2016;3/01/16;3/01/16;33,55
27.12.2015;27/12/15;27/12/15;37,28
20.12.2015;20/12/15;20/12/15;37,89
13.12.2015;13/12/15;13/12/15;36,88
06.12.2015;6/12/15;6/12/15;37,93
29.11.2015;29/11/15;29/11/15;43
22.11.2015;22/11/15;22/11/15;44,86
15.11.2015;15/11/15;15/11/15;44,66
08.11.2015;8/11/15;8/11/15;43,61
01.11.2015;1/11/15;1/11/15;47,42
25.10.2015;25/10/15;25/10/15;49,56
18.10.2015;18/10/15;18/10/15;47,99
11.10.2015;11/10/15;11/10/15;50,46
04.10.2015;4/10/15;4/10/15;52,65
27.09.2015;27/09/15;27/09/15;48,13
20.09.2015;20/09/15;20/09/15;48,6
13.09.2015;13/09/15;13/09/15;47,47
06.09.2015;6/09/15;6/09/15;48,14
30.08.2015;30/08/15;30/08/15;49,61
23.08.2015;23/08/15;23/08/15;50,05
16.08.2015;16/08/15;16/08/15;45,46
09.08.2015;9/08/15;9/08/15;49,03
02.08.2015;2/08/15;2/08/15;48,61
26.07.2015;26/07/15;26/07/15;52,21
19.07.2015;19/07/15;19/07/15;54,62
12.07.2015;12/07/15;12/07/15;57,1
05.07.2015;5/07/15;5/07/15;58,73
28.06.2015;28/06/15;28/06/15;60,32
21.06.2015;21/06/15;21/06/15;63,26
14.06.2015;14/06/15;14/06/15;63,02
07.06.2015;7/06/15;7/06/15;63,87
31.05.2015;31/05/15;31/05/15;63,31
24.05.2015;24/05/15;24/05/15;65,56
17.05.2015;17/05/15;17/05/15;65,37
10.05.2015;10/05/15;10/05/15;66,81
03.05.2015;3/05/15;3/05/15;65,39
26.04.2015;26/04/15;26/04/15;66,46
19.04.2015;19/04/15;19/04/15;65,28
12.04.2015;12/04/15;12/04/15;63,45
05.04.2015;5/04/15;5/04/15;57,87
29.03.2015;29/03/15;29/03/15;54,95
22.03.2015;22/03/15;22/03/15;56,41
15.03.2015;15/03/15;15/03/15;55,32
08.03.2015;8/03/15;8/03/15;54,67
01.03.2015;1/03/15;1/03/15;59,73
22.02.2015;22/02/15;22/02/15;62,58
15.02.2015;15/02/15;15/02/15;60,22
08.02.2015;8/02/15;8/02/15;61,52
01.02.2015;1/02/15;1/02/15;57,8
25.01.2015;25/01/15;25/01/15;52,99
18.01.2015;18/01/15;18/01/15;48,79
11.01.2015;11/01/15;11/01/15;50,17
04.01.2015;4/01/15;4/01/15;50,11
28.12.2014;28/12/14;28/12/14;56,42
21.12.2014;21/12/14;21/12/14;59,45
14.12.2014;14/12/14;14/12/14;61,38
07.12.2014;7/12/14;7/12/14;61,85
30.11.2014;30/11/14;30/11/14;69,07
23.11.2014;23/11/14;23/11/14;70,15
16.11.2014;16/11/14;16/11/14;80,36
09.11.2014;9/11/14;9/11/14;79,41
02.11.2014;2/11/14;2/11/14;83,39
26.10.2014;26/10/14;26/10/14;85,86
19.10.2014;19/10/14;19/10/14;86,13
12.10.2014;12/10/14;12/10/14;86,16
05.10.2014;5/10/14;5/10/14;90,21
28.09.2014;28/09/14;28/09/14;92,31
21.09.2014;21/09/14;21/09/14;97
14.09.2014;14/09/14;14/09/14;98,39
07.09.2014;7/09/14;7/09/14;97,11
31.08.2014;31/08/14;31/08/14;100,82
24.08.2014;24/08/14;24/08/14;103,19
17.08.2014;17/08/14;17/08/14;102,29
10.08.2014;10/08/14;10/08/14;103,53
03.08.2014;3/08/14;3/08/14;105,02
27.07.2014;27/07/14;27/07/14;104,84
20.07.2014;20/07/14;20/07/14;108,39
13.07.2014;13/07/14;13/07/14;107,24
06.07.2014;6/07/14;6/07/14;106,66
29.06.2014;29/06/14;29/06/14;110,64
22.06.2014;22/06/14;22/06/14;113,3
15.06.2014;15/06/14;15/06/14;114,81
08.06.2014;8/06/14;8/06/14;113,41
01.06.2014;1/06/14;1/06/14;108,61
25.05.2014;25/05/14;25/05/14;109,41
18.05.2014;18/05/14;18/05/14;110,54
11.05.2014;11/05/14;11/05/14;109,75
04.05.2014;4/05/14;4/05/14;107,89
27.04.2014;27/04/14;27/04/14;108,59
20.04.2014;20/04/14;20/04/14;109,58
13.04.2014;13/04/14;13/04/14;109,53
06.04.2014;6/04/14;6/04/14;107,33
30.03.2014;30/03/14;30/03/14;106,72
23.03.2014;23/03/14;23/03/14;108,07
16.03.2014;16/03/14;16/03/14;106,92
09.03.2014;9/03/14;9/03/14;108,57
02.03.2014;2/03/14;2/03/14;109
23.02.2014;23/02/14;23/02/14;109,07
16.02.2014;16/02/14;16/02/14;109,85
09.02.2014;9/02/14;9/02/14;109,08
02.02.2014;2/02/14;2/02/14;109,57
26.01.2014;26/01/14;26/01/14;106,4
19.01.2014;19/01/14;19/01/14;107,88
12.01.2014;12/01/14;12/01/14;106,48
05.01.2014;5/01/14;5/01/14;107,25
29.12.2013;29/12/13;29/12/13;106,89
22.12.2013;22/12/13;22/12/13;112,18
15.12.2013;15/12/13;15/12/13;111,77
08.12.2013;8/12/13;8/12/13;108,83
01.12.2013;1/12/13;1/12/13;111,61
24.11.2013;24/11/13;24/11/13;109,69
17.11.2013;17/11/13;17/11/13;111,05
10.11.2013;10/11/13;10/11/13;108,5
03.11.2013;3/11/13;3/11/13;105,12
27.10.2013;27/10/13;27/10/13;105,91
20.10.2013;20/10/13;20/10/13;106,93
13.10.2013;13/10/13;13/10/13;109,94
06.10.2013;6/10/13;6/10/13;111,28
29.09.2013;29/09/13;29/09/13;109,46
22.09.2013;22/09/13;22/09/13;108,63
15.09.2013;15/09/13;15/09/13;109,22
08.09.2013;8/09/13;8/09/13;112,78
01.09.2013;1/09/13;1/09/13;116,12
25.08.2013;25/08/13;25/08/13;114,01
18.08.2013;18/08/13;18/08/13;111,04
11.08.2013;11/08/13;11/08/13;110,4
04.08.2013;4/08/13;4/08/13;108,22
28.07.2013;28/07/13;28/07/13;108,95
21.07.2013;21/07/13;21/07/13;107,17
14.07.2013;14/07/13;14/07/13;108,07
07.07.2013;7/07/13;7/07/13;108,81
30.06.2013;30/06/13;30/06/13;107,72
23.06.2013;23/06/13;23/06/13;102,16
16.06.2013;16/06/13;16/06/13;100,91
09.06.2013;9/06/13;9/06/13;105,93
02.06.2013;2/06/13;2/06/13;104,56
26.05.2013;26/05/13;26/05/13;100,39
19.05.2013;19/05/13;19/05/13;102,64
12.05.2013;12/05/13;12/05/13;104,64
05.05.2013;5/05/13;5/05/13;103,91
28.04.2013;28/04/13;28/04/13;104,19
21.04.2013;21/04/13;21/04/13;103,16
14.04.2013;14/04/13;14/04/13;99,65
07.04.2013;7/04/13;7/04/13;103,11
31.03.2013;31/03/13;31/03/13;104,12
24.03.2013;24/03/13;24/03/13;110,02
17.03.2013;17/03/13;17/03/13;107,66
10.03.2013;10/03/13;10/03/13;109,82
03.03.2013;3/03/13;3/03/13;110,85
24.02.2013;24/02/13;24/02/13;110,4
17.02.2013;17/02/13;17/02/13;114,1
10.02.2013;10/02/13;10/02/13;117,66
03.02.2013;3/02/13;3/02/13;118,9
27.01.2013;27/01/13;27/01/13;116,76
20.01.2013;20/01/13;20/01/13;113,28
13.01.2013;13/01/13;13/01/13;111,89
06.01.2013;6/01/13;6/01/13;110,64
30.12.2012;30/12/12;30/12/12;111,31
23.12.2012;23/12/12;23/12/12;110,62
16.12.2012;16/12/12;16/12/12;108,97
09.12.2012;9/12/12;9/12/12;109,15
02.12.2012;2/12/12;2/12/12;107,02
25.11.2012;25/11/12;25/11/12;111,23
18.11.2012;18/11/12;18/11/12;111,38
11.11.2012;11/11/12;11/11/12;108,95
04.11.2012;4/11/12;4/11/12;109,4
28.10.2012;28/10/12;28/10/12;105,68
21.10.2012;21/10/12;21/10/12;109,55
14.10.2012;14/10/12;14/10/12;110,14
07.10.2012;7/10/12;7/10/12;114,62
30.09.2012;30/09/12;30/09/12;112,02
23.09.2012;23/09/12;23/09/12;112,39
16.09.2012;16/09/12;16/09/12;111,42
09.09.2012;9/09/12;9/09/12;116,66
02.09.2012;2/09/12;2/09/12;114,25
26.08.2012;26/08/12;26/08/12;114,57
19.08.2012;19/08/12;19/08/12;113,59
12.08.2012;12/08/12;12/08/12;113,71
05.08.2012;5/08/12;5/08/12;112,95
29.07.2012;29/07/12;29/07/12;108,94
22.07.2012;22/07/12;22/07/12;106,47
15.07.2012;15/07/12;15/07/12;106,83
08.07.2012;8/07/12;8/07/12;102,4
01.07.2012;1/07/12;1/07/12;98,19
24.06.2012;24/06/12;24/06/12;97,8
17.06.2012;17/06/12;17/06/12;90,98
10.06.2012;10/06/12;10/06/12;97,61
03.06.2012;3/06/12;3/06/12;99,47
27.05.2012;27/05/12;27/05/12;98,43
20.05.2012;20/05/12;20/05/12;106,83
13.05.2012;13/05/12;13/05/12;107,14
06.05.2012;6/05/12;6/05/12;112,26
29.04.2012;29/04/12;29/04/12;113,18
22.04.2012;22/04/12;22/04/12;119,83
15.04.2012;15/04/12;15/04/12;118,76
08.04.2012;8/04/12;8/04/12;121,83
01.04.2012;1/04/12;1/04/12;123,43
25.03.2012;25/03/12;25/03/12;122,88
18.03.2012;18/03/12;18/03/12;125,13
11.03.2012;11/03/12;11/03/12;125,81
04.03.2012;4/03/12;4/03/12;125,98
26.02.2012;26/02/12;26/02/12;123,65
19.02.2012;19/02/12;19/02/12;125,47
12.02.2012;12/02/12;12/02/12;119,58
05.02.2012;5/02/12;5/02/12;117,31
29.01.2012;29/01/12;29/01/12;114,58
22.01.2012;22/01/12;22/01/12;111,46
15.01.2012;15/01/12;15/01/12;109,86
08.01.2012;8/01/12;8/01/12;110,44
01.01.2012;1/01/12;1/01/12;113,06
25.12.2011;25/12/11;25/12/11;107,38
18.12.2011;18/12/11;18/12/11;107,96
11.12.2011;11/12/11;11/12/11;103,35
04.12.2011;4/12/11;4/12/11;108,62
27.11.2011;27/11/11;27/11/11;109,94
20.11.2011;20/11/11;20/11/11;106,4
13.11.2011;13/11/11;13/11/11;107,56
06.11.2011;6/11/11;6/11/11;114,16
30.10.2011;30/10/11;30/10/11;111,97
23.10.2011;23/10/11;23/10/11;109,91
16.10.2011;16/10/11;16/10/11;109,56
09.10.2011;9/10/11;9/10/11;114,68
02.10.2011;2/10/11;2/10/11;105,88
25.09.2011;25/09/11;25/09/11;102,76
18.09.2011;18/09/11;18/09/11;103,97
11.09.2011;11/09/11;11/09/11;112,22
04.09.2011;4/09/11;4/09/11;112,77
28.08.2011;28/08/11;28/08/11;112,33
21.08.2011;21/08/11;21/08/11;111,36
14.08.2011;14/08/11;14/08/11;108,62
07.08.2011;7/08/11;7/08/11;108,03
31.07.2011;31/07/11;31/07/11;109,37
24.07.2011;24/07/11;24/07/11;116,74
17.07.2011;17/07/11;17/07/11;118,67
10.07.2011;10/07/11;10/07/11;117,26
03.07.2011;3/07/11;3/07/11;118,33
26.06.2011;26/06/11;26/06/11;111,77
19.06.2011;19/06/11;19/06/11;105,12
12.06.2011;12/06/11;12/06/11;113,21
05.06.2011;5/06/11;5/06/11;118,78
29.05.2011;29/05/11;29/05/11;115,84
22.05.2011;22/05/11;22/05/11;115,03
15.05.2011;15/05/11;15/05/11;112,39
08.05.2011;8/05/11;8/05/11;113,83
01.05.2011;1/05/11;1/05/11;109,13
24.04.2011;24/04/11;24/04/11;125,89
17.04.2011;17/04/11;17/04/11;123,99
10.04.2011;10/04/11;10/04/11;123,45
03.04.2011;3/04/11;3/04/11;126,65
27.03.2011;27/03/11;27/03/11;118,7
20.03.2011;20/03/11;20/03/11;115,59
13.03.2011;13/03/11;13/03/11;113,93
06.03.2011;6/03/11;6/03/11;113,84
27.02.2011;27/02/11;27/02/11;115,97
20.02.2011;20/02/11;20/02/11;112,14
13.02.2011;13/02/11;13/02/11;102,52
06.02.2011;6/02/11;6/02/11;101,43
30.01.2011;30/01/11;30/01/11;99,83
23.01.2011;23/01/11;23/01/11;99,42
16.01.2011;16/01/11;16/01/11;97,6
09.01.2011;9/01/11;9/01/11;98,68
02.01.2011;2/01/11;2/01/11;93,33
26.12.2010;26/12/10;26/12/10;94,75
19.12.2010;19/12/10;19/12/10;93,77
12.12.2010;12/12/10;12/12/10;91,67
05.12.2010;5/12/10;5/12/10;90,48
28.11.2010;28/11/10;28/11/10;91,42
21.11.2010;21/11/10;21/11/10;85,58
14.11.2010;14/11/10;14/11/10;84,34
07.11.2010;7/11/10;7/11/10;86,34
31.10.2010;31/10/10;31/10/10;88,11
24.10.2010;24/10/10;24/10/10;83,15
17.10.2010;17/10/10;17/10/10;82,96
10.10.2010;10/10/10;10/10/10;82,45
03.10.2010;3/10/10;3/10/10;84,03
26.09.2010;26/09/10;26/09/10;83,75
19.09.2010;19/09/10;19/09/10;78,87
12.09.2010;12/09/10;12/09/10;78,21
05.09.2010;5/09/10;5/09/10;78,16
29.08.2010;29/08/10;29/08/10;76,67
22.08.2010;22/08/10;22/08/10;76,65
15.08.2010;15/08/10;15/08/10;74,26
08.08.2010;8/08/10;8/08/10;75,11
01.08.2010;1/08/10;1/08/10;80,16
25.07.2010;25/07/10;25/07/10;78,18
18.07.2010;18/07/10;18/07/10;77,45
11.07.2010;11/07/10;11/07/10;75,37
04.07.2010;4/07/10;4/07/10;75,42
27.06.2010;27/06/10;27/06/10;71,65
20.06.2010;20/06/10;20/06/10;78,12
13.06.2010;13/06/10;13/06/10;78,22
06.06.2010;6/06/10;6/06/10;74,35
30.05.2010;30/05/10;30/05/10;72,09
23.05.2010;23/05/10;23/05/10;74,02
16.05.2010;16/05/10;16/05/10;71,68
09.05.2010;9/05/10;9/05/10;77,18
02.05.2010;2/05/10;2/05/10;78,27
25.04.2010;25/04/10;25/04/10;87,44
18.04.2010;18/04/10;18/04/10;87,25
11.04.2010;11/04/10;11/04/10;85,99
04.04.2010;4/04/10;4/04/10;84,83
28.03.2010;28/03/10;28/03/10;84,01
21.03.2010;21/03/10;21/03/10;79,29
14.03.2010;14/03/10;14/03/10;79,88
07.03.2010;7/03/10;7/03/10;79,39
28.02.2010;28/02/10;28/02/10;79,89
21.02.2010;21/02/10;21/02/10;77,59
14.02.2010;14/02/10;14/02/10;78,19
07.02.2010;7/02/10;7/02/10;72,9
31.01.2010;31/01/10;31/01/10;69,59
24.01.2010;24/01/10;24/01/10;71,46
17.01.2010;17/01/10;17/01/10;72,83
10.01.2010;10/01/10;10/01/10;77,11
03.01.2010;3/01/10;3/01/10;81,37
27.12.2009;27/12/09;27/12/09;77,93
20.12.2009;20/12/09;20/12/09;76,31
13.12.2009;13/12/09;13/12/09;73,75
06.12.2009;6/12/09;6/12/09;71,88
29.11.2009;29/11/09;29/11/09;77,52
22.11.2009;22/11/09;22/11/09;77,18
15.11.2009;15/11/09;15/11/09;77,2
08.11.2009;8/11/09;8/11/09;75,55
01.11.2009;1/11/09;1/11/09;75,87
25.10.2009;25/10/09;25/10/09;75,2
18.10.2009;18/10/09;18/10/09;78,92
11.10.2009;11/10/09;11/10/09;76,99
04.10.2009;4/10/09;4/10/09;70
27.09.2009;27/09/09;27/09/09;68,07
20.09.2009;20/09/09;20/09/09;65,11
13.09.2009;13/09/09;13/09/09;71,32
06.09.2009;6/09/09;6/09/09;67,69
30.08.2009;30/08/09;30/08/09;66,82
23.08.2009;23/08/09;23/08/09;72,79
16.08.2009;16/08/09;16/08/09;74,19
09.08.2009;9/08/09;9/08/09;72,41
02.08.2009;2/08/09;2/08/09;73,59
26.07.2009;26/07/09;26/07/09;71,7
19.07.2009;19/07/09;19/07/09;70,32
12.07.2009;12/07/09;12/07/09;65,38
05.07.2009;5/07/09;5/07/09;60,52
28.06.2009;28/06/09;28/06/09;65,61
21.06.2009;21/06/09;21/06/09;68,92
14.06.2009;14/06/09;14/06/09;69,19
07.06.2009;7/06/09;7/06/09;70,92
31.05.2009;31/05/09;31/05/09;68,34
24.05.2009;24/05/09;24/05/09;65,52
17.05.2009;17/05/09;17/05/09;60,78
10.05.2009;10/05/09;10/05/09;55,98
03.05.2009;3/05/09;3/05/09;58,14
26.04.2009;26/04/09;26/04/09;52,85
19.04.2009;19/04/09;19/04/09;51,67
12.04.2009;12/04/09;12/04/09;53,35
05.04.2009;5/04/09;5/04/09;54,06
29.03.2009;29/03/09;29/03/09;53,47
22.03.2009;22/03/09;22/03/09;51,98
15.03.2009;15/03/09;15/03/09;51,22
08.03.2009;8/03/09;8/03/09;44,93
01.03.2009;1/03/09;1/03/09;44,85
22.02.2009;22/02/09;22/02/09;46,35
15.02.2009;15/02/09;15/02/09;41,89
08.02.2009;8/02/09;8/02/09;44,81
01.02.2009;1/02/09;1/02/09;46,21
25.01.2009;25/01/09;25/01/09;45,88
18.01.2009;18/01/09;18/01/09;48,37
11.01.2009;11/01/09;11/01/09;46,57
04.01.2009;4/01/09;4/01/09;44,42
28.12.2008;28/12/08;28/12/08;46,91
21.12.2008;21/12/08;21/12/08;38,37
14.12.2008;14/12/08;14/12/08;44
07.12.2008;7/12/08;7/12/08;46,41
30.11.2008;30/11/08;30/11/08;39,74
23.11.2008;23/11/08;23/11/08;53,49
16.11.2008;16/11/08;16/11/08;49,19
09.11.2008;9/11/08;9/11/08;54,24
02.11.2008;2/11/08;2/11/08;57,35
26.10.2008;26/10/08;26/10/08;65,32
19.10.2008;19/10/08;19/10/08;62,05
12.10.2008;12/10/08;12/10/08;69,6
05.10.2008;5/10/08;5/10/08;74,09
28.09.2008;28/09/08;28/09/08;90,25
21.09.2008;21/09/08;21/09/08;103,54
14.09.2008;14/09/08;14/09/08;99,61
07.09.2008;7/09/08;7/09/08;97,58
31.08.2008;31/08/08;31/08/08;104,09
24.08.2008;24/08/08;24/08/08;114,05
17.08.2008;17/08/08;17/08/08;113,92
10.08.2008;10/08/08;10/08/08;112,55
03.08.2008;3/08/08;3/08/08;113,33
27.07.2008;27/07/08;27/07/08;124,18
20.07.2008;20/07/08;20/07/08;124,52
13.07.2008;13/07/08;13/07/08;130,19
06.07.2008;6/07/08;6/07/08;144,49
29.06.2008;29/06/08;29/06/08;144,42
22.06.2008;22/06/08;22/06/08;140,31
15.06.2008;15/06/08;15/06/08;134,86
08.06.2008;8/06/08;8/06/08;134,25
01.06.2008;1/06/08;1/06/08;137,69
25.05.2008;25/05/08;25/05/08;127,78
18.05.2008;18/05/08;18/05/08;131,57
11.05.2008;11/05/08;11/05/08;124,99
04.05.2008;4/05/08;4/05/08;125,4
27.04.2008;27/04/08;27/04/08;114,56
20.04.2008;20/04/08;20/04/08;116,34
13.04.2008;13/04/08;13/04/08;113,92
06.04.2008;6/04/08;6/04/08;108,75
30.03.2008;30/03/08;30/03/08;104,9
23.03.2008;23/03/08;23/03/08;103,77
16.03.2008;16/03/08;16/03/08;100,38
09.03.2008;9/03/08;9/03/08;107,55
02.03.2008;2/03/08;2/03/08;102,38
24.02.2008;24/02/08;24/02/08;100,1
17.02.2008;17/02/08;17/02/08;97,01
10.02.2008;10/02/08;10/02/08;94,63
03.02.2008;3/02/08;3/02/08;91,94
27.01.2008;27/01/08;27/01/08;89,44
20.01.2008;20/01/08;20/01/08;90,9
13.01.2008;13/01/08;13/01/08;89,23
06.01.2008;6/01/08;6/01/08;91,07
30.12.2007;30/12/07;30/12/07;96,79
23.12.2007;23/12/07;23/12/07;93,88
16.12.2007;16/12/07;16/12/07;92,46
09.12.2007;9/12/07;9/12/07;92,67
02.12.2007;2/12/07;2/12/07;88,64
25.11.2007;25/11/07;25/11/07;88,26
18.11.2007;18/11/07;18/11/07;95,76
11.11.2007;11/11/07;11/11/07;91,62
04.11.2007;4/11/07;4/11/07;93,18
28.10.2007;28/10/07;28/10/07;92,08
21.10.2007;21/10/07;21/10/07;88,69
14.10.2007;14/10/07;14/10/07;83,79
07.10.2007;7/10/07;7/10/07;80,55
30.09.2007;30/09/07;30/09/07;78,9
23.09.2007;23/09/07;23/09/07;79,17
16.09.2007;16/09/07;16/09/07;79,3
09.09.2007;9/09/07;9/09/07;76,22
02.09.2007;2/09/07;2/09/07;75,07
26.08.2007;26/08/07;26/08/07;72,69
19.08.2007;19/08/07;19/08/07;70,62
12.08.2007;12/08/07;12/08/07;70,44
05.08.2007;5/08/07;5/08/07;70,39
29.07.2007;29/07/07;29/07/07;74,75
22.07.2007;22/07/07;22/07/07;76,26
15.07.2007;15/07/07;15/07/07;77,64
08.07.2007;8/07/07;8/07/07;77,57
01.07.2007;1/07/07;1/07/07;75,62
24.06.2007;24/06/07;24/06/07;71,41
17.06.2007;17/06/07;17/06/07;71,18
10.06.2007;10/06/07;10/06/07;71,47
03.06.2007;3/06/07;3/06/07;68,6
27.05.2007;27/05/07;27/05/07;69,07
20.05.2007;20/05/07;20/05/07;70,69
13.05.2007;13/05/07;13/05/07;69,42
06.05.2007;6/05/07;6/05/07;66,83
29.04.2007;29/04/07;29/04/07;65,31
22.04.2007;22/04/07;22/04/07;68,41
15.04.2007;15/04/07;15/04/07;66,49
08.04.2007;8/04/07;8/04/07;68,97
01.04.2007;1/04/07;1/04/07;68,24
25.03.2007;25/03/07;25/03/07;68,1
18.03.2007;18/03/07;18/03/07;63,18
11.03.2007;11/03/07;11/03/07;60,3
04.03.2007;4/03/07;4/03/07;61,13
25.02.2007;25/02/07;25/02/07;62,08
18.02.2007;18/02/07;18/02/07;60,88
11.02.2007;11/02/07;11/02/07;58,95
04.02.2007;4/02/07;4/02/07;59,01
28.01.2007;28/01/07;28/01/07;58,41
21.01.2007;21/01/07;21/01/07;55,29
14.01.2007;14/01/07;14/01/07;53,44
07.01.2007;7/01/07;7/01/07;52,95
31.12.2006;31/12/06;31/12/06;55,64
24.12.2006;24/12/06;24/12/06;60,86
17.12.2006;17/12/06;17/12/06;62,42
10.12.2006;10/12/06;10/12/06;63,49
03.12.2006;3/12/06;3/12/06;62,2
26.11.2006;26/11/06;26/11/06;64,62
19.11.2006;19/11/06;19/11/06;60,03
12.11.2006;12/11/06;12/11/06;58,99
05.11.2006;5/11/06;5/11/06;59,71
29.10.2006;29/10/06;29/10/06;59,15
22.10.2006;22/10/06;22/10/06;61,08
15.10.2006;15/10/06;15/10/06;59,68
08.10.2006;8/10/06;8/10/06;59,52
01.10.2006;1/10/06;1/10/06;59,83
24.09.2006;24/09/06;24/09/06;62,48
17.09.2006;17/09/06;17/09/06;60,41
10.09.2006;10/09/06;10/09/06;63,33
03.09.2006;3/09/06;3/09/06;65,33
27.08.2006;27/08/06;27/08/06;69,15
20.08.2006;20/08/06;20/08/06;72,7
13.08.2006;13/08/06;13/08/06;72,3
06.08.2006;6/08/06;6/08/06;75,63
30.07.2006;30/07/06;30/07/06;76,17
23.07.2006;23/07/06;23/07/06;73,39
16.07.2006;16/07/06;16/07/06;73,75
09.07.2006;9/07/06;9/07/06;77,27
02.07.2006;2/07/06;2/07/06;73,51
25.06.2006;25/06/06;25/06/06;73,51
18.06.2006;18/06/06;18/06/06;69,93
11.06.2006;11/06/06;11/06/06;68,8
04.06.2006;4/06/06;4/06/06;70,48
28.05.2006;28/05/06;28/05/06;71,03
21.05.2006;21/05/06;21/05/06;70,59
14.05.2006;14/05/06;14/05/06;68,68
07.05.2006;7/05/06;7/05/06;72,18
30.04.2006;30/04/06;30/04/06;70,88
23.04.2006;23/04/06;23/04/06;72,5
16.04.2006;16/04/06;16/04/06;74,17
09.04.2006;9/04/06;9/04/06;70,14
02.04.2006;2/04/06;2/04/06;67,29
26.03.2006;26/03/06;26/03/06;65,91
19.03.2006;19/03/06;19/03/06;63,51
12.03.2006;12/03/06;12/03/06;63,26
05.03.2006;5/03/06;5/03/06;60,83
26.02.2006;26/02/06;26/02/06;64,18
19.02.2006;19/02/06;19/02/06;62,6
12.02.2006;12/02/06;12/02/06;59,89
05.02.2006;5/02/06;5/02/06;59,64
29.01.2006;29/01/06;29/01/06;63,39
22.01.2006;22/01/06;22/01/06;66,24
15.01.2006;15/01/06;15/01/06;66,43
08.01.2006;8/01/06;8/01/06;62,26
01.01.2006;1/01/06;1/01/06;62,72
25.12.2005;25/12/05;25/12/05;58,98
18.12.2005;18/12/05;18/12/05;56,69
11.12.2005;11/12/05;11/12/05;57,13
04.12.2005;4/12/05;4/12/05;57,31
27.11.2005;27/11/05;27/11/05;57,05
20.11.2005;20/11/05;20/11/05;55,01
13.11.2005;13/11/05;13/11/05;54,88
06.11.2005;6/11/05;6/11/05;54,99
30.10.2005;30/10/05;30/10/05;59,25
23.10.2005;23/10/05;23/10/05;59,42
16.10.2005;16/10/05;16/10/05;58,48
09.10.2005;9/10/05;9/10/05;59,35
02.10.2005;2/10/05;2/10/05;59,21
25.09.2005;25/09/05;25/09/05;63,48
18.09.2005;18/09/05;18/09/05;62,44
11.09.2005;11/09/05;11/09/05;61,81
04.09.2005;4/09/05;4/09/05;62,84
28.08.2005;28/08/05;28/08/05;66,06
21.08.2005;21/08/05;21/08/05;64,87
14.08.2005;14/08/05;14/08/05;64,36
07.08.2005;7/08/05;7/08/05;66,45
31.07.2005;31/07/05;31/07/05;61,07
24.07.2005;24/07/05;24/07/05;59,37
17.07.2005;17/07/05;17/07/05;57,58
10.07.2005;10/07/05;10/07/05;57,61
03.07.2005;3/07/05;3/07/05;58,2
26.06.2005;26/06/05;26/06/05;57,54
19.06.2005;19/06/05;19/06/05;58,36
12.06.2005;12/06/05;12/06/05;57,76
05.06.2005;5/06/05;5/06/05;52,67
29.05.2005;29/05/05;29/05/05;54,17
22.05.2005;22/05/05;22/05/05;50,7
15.05.2005;15/05/05;15/05/05;48,03
08.05.2005;8/05/05;8/05/05;48,66
01.05.2005;1/05/05;1/05/05;50,77
24.04.2005;24/04/05;24/04/05;51,09
17.04.2005;17/04/05;17/04/05;54,97
10.04.2005;10/04/05;10/04/05;51,61
03.04.2005;3/04/05;3/04/05;52,89
27.03.2005;27/03/05;27/03/05;56,51
20.03.2005;20/03/05;20/03/05;53,93
13.03.2005;13/03/05;13/03/05;55,59
06.03.2005;6/03/05;6/03/05;53,1
27.02.2005;27/02/05;27/02/05;51,8
20.02.2005;20/02/05;20/02/05;49,61
13.02.2005;13/02/05;13/02/05;46,34
06.02.2005;6/02/05;6/02/05;44,8
30.01.2005;30/01/05;30/01/05;43,89
23.01.2005;23/01/05;23/01/05;44,95
16.01.2005;16/01/05;16/01/05;45,73
09.01.2005;9/01/05;9/01/05;45,15
02.01.2005;2/01/05;2/01/05;43,18
26.12.2004;26/12/04;26/12/04;40,46
19.12.2004;19/12/04;19/12/04;40,07
12.12.2004;12/12/04;12/12/04;43,39
05.12.2004;5/12/04;5/12/04;37,38
28.11.2004;28/11/04;28/11/04;39,36
21.11.2004;21/11/04;21/11/04;44,57
14.11.2004;14/11/04;14/11/04;44,89
07.11.2004;7/11/04;7/11/04;42,31
31.10.2004;31/10/04;31/10/04;46,42
24.10.2004;24/10/04;24/10/04;48,98
17.10.2004;17/10/04;17/10/04;51,22
10.10.2004;10/10/04;10/10/04;49,93
03.10.2004;3/10/04;3/10/04;49,71
26.09.2004;26/09/04;26/09/04;46,62
19.09.2004;19/09/04;19/09/04;45,33
12.09.2004;12/09/04;12/09/04;42,45
05.09.2004;5/09/04;5/09/04;40,2
29.08.2004;29/08/04;29/08/04;41,23
22.08.2004;22/08/04;22/08/04;40,64
15.08.2004;15/08/04;15/08/04;43,54
08.08.2004;8/08/04;8/08/04;43,88
01.08.2004;1/08/04;1/08/04;40,63
25.07.2004;25/07/04;25/07/04;40,03
18.07.2004;18/07/04;18/07/04;38,27
11.07.2004;11/07/04;11/07/04;38
04.07.2004;4/07/04;4/07/04;37,05
27.06.2004;27/06/04;27/06/04;35,92
20.06.2004;20/06/04;20/06/04;34,97
13.06.2004;13/06/04;13/06/04;36,21
06.06.2004;6/06/04;6/06/04;35,44
30.05.2004;30/05/04;30/05/04;35,67
23.05.2004;23/05/04;23/05/04;36,58
16.05.2004;16/05/04;16/05/04;36,51
09.05.2004;9/05/04;9/05/04;38,76
02.05.2004;2/05/04;2/05/04;37
25.04.2004;25/04/04;25/04/04;34,48
18.04.2004;18/04/04;18/04/04;33,09
11.04.2004;11/04/04;11/04/04;33,64
04.04.2004;4/04/04;4/04/04;33,34
28.03.2004;28/03/04;28/03/04;30,21
21.03.2004;21/03/04;21/03/04;31,99
14.03.2004;14/03/04;14/03/04;33,26
07.03.2004;7/03/04;7/03/04;32,24
29.02.2004;29/02/04;29/02/04;33,35
22.02.2004;22/02/04;22/02/04;32,23
15.02.2004;15/02/04;15/02/04;30,69
08.02.2004;8/02/04;8/02/04;30,57
01.02.2004;1/02/04;1/02/04;28,83
25.01.2004;25/01/04;25/01/04;29,18
18.01.2004;18/01/04;18/01/04;30,96
11.01.2004;11/01/04;11/01/04;30,47
04.01.2004;4/01/04;4/01/04;31,37
28.12.2003;28/12/03;28/12/03;29,32
21.12.2003;21/12/03;21/12/03;29,06
14.12.2003;14/12/03;14/12/03;30,05
07.12.2003;7/12/03;7/12/03;30,37
30.11.2003;30/11/03;30/11/03;28,74
23.11.2003;23/11/03;23/11/03;28,45
16.11.2003;16/11/03;16/11/03;29,36
09.11.2003;9/11/03;9/11/03;29,56
02.11.2003;2/11/03;2/11/03;28,91
26.10.2003;26/10/03;26/10/03;27,7
19.10.2003;19/10/03;19/10/03;28,58
12.10.2003;12/10/03;12/10/03;29,03
05.10.2003;5/10/03;5/10/03;30,9
28.09.2003;28/09/03;28/09/03;28,71
21.09.2003;21/09/03;21/09/03;26,64
14.09.2003;14/09/03;14/09/03;25,32
07.09.2003;7/09/03;7/09/03;26,77
31.08.2003;31/08/03;31/08/03;27,21
24.08.2003;24/08/03;24/08/03;29,49
17.08.2003;17/08/03;17/08/03;29,7
10.08.2003;10/08/03;10/08/03;28,81
03.08.2003;3/08/03;3/08/03;29,99
27.07.2003;27/07/03;27/07/03;29,99
20.07.2003;20/07/03;20/07/03;28,18
13.07.2003;13/07/03;13/07/03;28,93
06.07.2003;6/07/03;6/07/03;29,19
29.06.2003;29/06/03;29/06/03;27,63
22.06.2003;22/06/03;22/06/03;27,3
15.06.2003;15/06/03;15/06/03;27,02
08.06.2003;8/06/03;8/06/03;27,46
01.06.2003;1/06/03;1/06/03;27,78
25.05.2003;25/05/03;25/05/03;26,32
18.05.2003;18/05/03;18/05/03;26,24
11.05.2003;11/05/03;11/05/03;26,1
04.05.2003;4/05/03;4/05/03;25,1
27.04.2003;27/04/03;27/04/03;23,52
20.04.2003;20/04/03;20/04/03;24,09
13.04.2003;13/04/03;13/04/03;25,88
06.04.2003;6/04/03;6/04/03;24,75
30.03.2003;30/03/03;30/03/03;24,68
23.03.2003;23/03/03;23/03/03;26,35
16.03.2003;16/03/03;16/03/03;24,35
09.03.2003;9/03/03;9/03/03;31,38
02.03.2003;2/03/03;2/03/03;34,1
23.02.2003;23/02/03;23/02/03;32,79
16.02.2003;16/02/03;16/02/03;32,27
09.02.2003;9/02/03;9/02/03;32,5
02.02.2003;2/02/03;2/02/03;32,34
26.01.2003;26/01/03;26/01/03;31,1
19.01.2003;19/01/03;19/01/03;30,49
12.01.2003;12/01/03;12/01/03;30,54
05.01.2003;5/01/03;5/01/03;29,67
29.12.2002;29/12/02;29/12/02;30,77
22.12.2002;22/12/02;22/12/02;30,16
15.12.2002;15/12/02;15/12/02;28,34
08.12.2002;8/12/02;8/12/02;27,21
01.12.2002;1/12/02;1/12/02;25,46
24.11.2002;24/11/02;24/11/02;25,16
17.11.2002;17/11/02;17/11/02;25,21
10.11.2002;10/11/02;10/11/02;23,35
03.11.2002;3/11/02;3/11/02;23,58
27.10.2002;27/10/02;27/10/02;25,41
20.10.2002;20/10/02;20/10/02;25,46
13.10.2002;13/10/02;13/10/02;27,84
06.10.2002;6/10/02;6/10/02;27,99
29.09.2002;29/09/02;29/09/02;28,12
22.09.2002;22/09/02;22/09/02;28,88
15.09.2002;15/09/02;15/09/02;28,43
08.09.2002;8/09/02;8/09/02;28,31
01.09.2002;1/09/02;1/09/02;28,29
25.08.2002;25/08/02;25/08/02;27,47
18.08.2002;18/08/02;18/08/02;26,99
11.08.2002;11/08/02;11/08/02;27
04.08.2002;4/08/02;4/08/02;25,34
28.07.2002;28/07/02;28/07/02;25,31
21.07.2002;21/07/02;21/07/02;25,03
14.07.2002;14/07/02;14/07/02;26,43
07.07.2002;7/07/02;7/07/02;26,32
30.06.2002;30/06/02;30/06/02;25,73
23.06.2002;23/06/02;23/06/02;25,58
16.06.2002;16/06/02;16/06/02;24,75
09.06.2002;9/06/02;9/06/02;24,99
02.06.2002;2/06/02;2/06/02;23,99
26.05.2002;26/05/02;26/05/02;24,45
19.05.2002;19/05/02;19/05/02;25,18
12.05.2002;12/05/02;12/05/02;26,36
05.05.2002;5/05/02;5/05/02;26,38
28.04.2002;28/04/02;28/04/02;25,75
21.04.2002;21/04/02;21/04/02;26,19
14.04.2002;14/04/02;14/04/02;25,85
07.04.2002;7/04/02;7/04/02;24,29
31.03.2002;31/03/02;31/03/02;25,99
24.03.2002;24/03/02;24/03/02;25,92
17.03.2002;17/03/02;17/03/02;25,36
10.03.2002;10/03/02;10/03/02;24,55
03.03.2002;3/03/02;3/03/02;23,33
24.02.2002;24/02/02;24/02/02;21,89
17.02.2002;17/02/02;17/02/02;20,37
10.02.2002;10/02/02;10/02/02;20,87
03.02.2002;3/02/02;3/02/02;19,72
27.01.2002;27/01/02;27/01/02;19,98
20.01.2002;20/01/02;20/01/02;19,37
13.01.2002;13/01/02;13/01/02;18,45
06.01.2002;6/01/02;6/01/02;20,86
30.12.2001;30/12/01;30/12/01;22,18
23.12.2001;23/12/01;23/12/01;20,3
16.12.2001;16/12/01;16/12/01;19,36
09.12.2001;9/12/01;9/12/01;18,38
02.12.2001;2/12/01;2/12/01;19,03
25.11.2001;25/11/01;25/11/01;19,14
18.11.2001;18/11/01;18/11/01;19,28
11.11.2001;11/11/01;11/11/01;17,75
04.11.2001;4/11/01;4/11/01;21,38
28.10.2001;28/10/01;28/10/01;19,77
21.10.2001;21/10/01;21/10/01;21,02
14.10.2001;14/10/01;14/10/01;21,35
07.10.2001;7/10/01;7/10/01;21,73
30.09.2001;30/09/01;30/09/01;21,63
23.09.2001;23/09/01;23/09/01;23,26
16.09.2001;16/09/01;16/09/01;25,44
09.09.2001;9/09/01;9/09/01;29,43
02.09.2001;2/09/01;2/09/01;27,69
26.08.2001;26/08/01;26/08/01;26,41
19.08.2001;19/08/01;19/08/01;25,95
12.08.2001;12/08/01;12/08/01;24,73
05.08.2001;5/08/01;5/08/01;25,98
29.07.2001;29/07/01;29/07/01;25,69
22.07.2001;22/07/01;22/07/01;25,19
15.07.2001;15/07/01;15/07/01;24,64
08.07.2001;8/07/01;8/07/01;24,97
01.07.2001;1/07/01;1/07/01;26,81
24.06.2001;24/06/01;24/06/01;26,08
17.06.2001;17/06/01;17/06/01;26,59
10.06.2001;10/06/01;10/06/01;28,12
03.06.2001;3/06/01;3/06/01;29,44
27.05.2001;27/05/01;27/05/01;29,07
20.05.2001;20/05/01;20/05/01;28,48
13.05.2001;13/05/01;13/05/01;29,39
06.05.2001;6/05/01;6/05/01;28,19
29.04.2001;29/04/01;29/04/01;28,19
22.04.2001;22/04/01;22/04/01;27,79
15.04.2001;15/04/01;15/04/01;26,39
08.04.2001;8/04/01;8/04/01;27,37
01.04.2001;1/04/01;1/04/01;25,17
25.03.2001;25/03/01;25/03/01;24,74
18.03.2001;18/03/01;18/03/01;25,38
11.03.2001;11/03/01;11/03/01;25,05
04.03.2001;4/03/01;4/03/01;26,33
25.02.2001;25/02/01;25/02/01;26
18.02.2001;18/02/01;18/02/01;26,52
11.02.2001;11/02/01;11/02/01;26,89
04.02.2001;4/02/01;4/02/01;29,25
28.01.2001;28/01/01;28/01/01;29,19
21.01.2001;21/01/01;21/01/01;26,98
14.01.2001;14/01/01;14/01/01;27,04
07.01.2001;7/01/01;7/01/01;25,75
31.12.2000;31/12/00;31/12/00;25,18
24.12.2000;24/12/00;24/12/00;23,87
17.12.2000;17/12/00;17/12/00;23,66
10.12.2000;10/12/00;10/12/00;25,89
03.12.2000;3/12/00;3/12/00;26,56
26.11.2000;26/11/00;26/11/00;30,17
19.11.2000;19/11/00;19/11/00;33,12
12.11.2000;12/11/00;12/11/00;33,08
05.11.2000;5/11/00;5/11/00;32,02
29.10.2000;29/10/00;29/10/00;30,85
22.10.2000;22/10/00;22/10/00;30,95
15.10.2000;15/10/00;15/10/00;31,62
08.10.2000;8/10/00;8/10/00;32,52
01.10.2000;1/10/00;1/10/00;30,1
24.09.2000;24/09/00;24/09/00;29,84
17.09.2000;17/09/00;17/09/00;31,25
10.09.2000;10/09/00;10/09/00;33,98
03.09.2000;3/09/00;3/09/00;32,78
27.08.2000;27/08/00;27/08/00;31,85
20.08.2000;20/08/00;20/08/00;30,39
13.08.2000;13/08/00;13/08/00;30,44
06.08.2000;6/08/00;6/08/00;30,57
30.07.2000;30/07/00;30/07/00;29,37
23.07.2000;23/07/00;23/07/00;27,36
16.07.2000;16/07/00;16/07/00;27,52
09.07.2000;9/07/00;9/07/00;29,88
02.07.2000;2/07/00;2/07/00;29,7
25.06.2000;25/06/00;25/06/00;30,57
18.06.2000;18/06/00;18/06/00;30,39
11.06.2000;11/06/00;11/06/00;28,35
04.06.2000;4/06/00;4/06/00;29,58
28.05.2000;28/05/00;28/05/00;29,05
21.05.2000;21/05/00;21/05/00;29,22
14.05.2000;14/05/00;14/05/00;28,59
07.05.2000;7/05/00;7/05/00;28,05
30.04.2000;30/04/00;30/04/00;25,29
23.04.2000;23/04/00;23/04/00;23,89
16.04.2000;16/04/00;16/04/00;23,83
09.04.2000;9/04/00;9/04/00;22,41
02.04.2000;2/04/00;2/04/00;22,58
26.03.2000;26/03/00;26/03/00;24,77
19.03.2000;19/03/00;19/03/00;25,91
12.03.2000;12/03/00;12/03/00;26,56
05.03.2000;5/03/00;5/03/00;28,94
27.02.2000;27/02/00;27/02/00;28,99
20.02.2000;20/02/00;20/02/00;27,48
13.02.2000;13/02/00;13/02/00;26,22
06.02.2000;6/02/00;6/02/00;27,82
30.01.2000;30/01/00;30/01/00;27,07
23.01.2000;23/01/00;23/01/00;25,68
16.01.2000;16/01/00;16/01/00;26,35
09.01.2000;9/01/00;9/01/00;25,47
02.01.2000;2/01/00;2/01/00;23,09